{
    "Choline(Cho)":
    [
        0.390625, 19.53125
    ],
    "Glutamate(Glu)":
    [
        0.001953125, 2.44140625
    ],
    "Lactate(Lac)":
    [
        0.00048828125,6.8359375
    ],
    "Glutamine_noNH2(Gln)":
    [
        0.048828125,4.8828125
    ],
    "Creatine_3T_TE135_BW1200_47ppm":
    [
        0.78125,23.4375
    ],
    "Aspartate(Asp)":
    [
        0.00029296875,1.3671875
    ],
    "NAcetylAspartate(NAA)":
    [
        1.46484375,23.4375
    ],
    "myo_inositol_3T_TE135_BW1200_47ppm":
    [
        0.00048828125,4.8828125
    ],
    "NAcetylAspartate(NAA)-2_6ppmmultiplet":
    [
        0.0146484375,1.3671875
    ],
    "offset":
    [
        255, 275
    ],
    "width_loren":
    [
        2.5, 6
    ],
    "phase":
    [
        -45, 45
    ]
}